label,lum
562.5,3255
550,3706
575,2767
587.5,2547
600,2263
612.5,1985
625,1819
637.5,1677
650,1590
662.5,1484
675,1515
687.5,1566
700,1656
712.5,1700
725,1884
737.5,2146
750,2418
762.5,2893
775,3428
787.5,4288
800,5079
812.5,6038
825,6835
837.5,7094
850,6923
862.5,6117
875,5212
887.5,4455
900,3763
912.5,3163
925,2736
935,2484
945,2232
950,2076
962.5,1865
975,1562
987.5,1408
1000,1309
508.6,13846
